val_loss,val_acc,epoch,step
0.2943315804004669,0.9154000282287598,0,859
0.23177164793014526,0.9314000010490417,1,1719
0.19408072531223297,0.9437999725341797,2,2579
